Wed May 29 18:54:27 UTC 2019,8943
Wed Jun 5 02:26:00 UTC 2019,8355
Mon Jun 10 12:59:20 UTC 2019,8328
Tue Jun 11 13:59:20 UTC 2019,8139
Sun Jun 16 07:26:45 UTC 2019,9500
Sun Jun 16 07:27:02 UTC 2019,9500
Sun Jun 16 07:27:19 UTC 2019,9500
Sun Jun 16 07:27:35 UTC 2019,9500
Sun Jun 16 07:27:52 UTC 2019,9500
Sun Jun 16 07:28:21 UTC 2019,9500
Sun Jun 16 07:28:37 UTC 2019,9500
Sun Jun 16 07:28:54 UTC 2019,9500
Sun Jun 16 07:29:10 UTC 2019,9500
Sun Jun 16 07:29:27 UTC 2019,9499
Sun Jun 16 07:29:43 UTC 2019,9499
Sun Jun 16 07:30:00 UTC 2019,9500
Sun Jun 16 07:30:16 UTC 2019,9500
Sun Jun 16 07:30:33 UTC 2019,9500
Sun Jun 16 07:30:49 UTC 2019,9500
Sun Jun 16 07:31:06 UTC 2019,9500
Sun Jun 16 07:31:22 UTC 2019,9500
Sun Jun 16 07:31:39 UTC 2019,9500
Sun Jun 16 07:31:55 UTC 2019,9500
Sun Jun 16 07:32:12 UTC 2019,9500
Sun Jun 16 07:32:28 UTC 2019,9500
Sun Jun 16 07:32:45 UTC 2019,9499
Sun Jun 16 07:33:01 UTC 2019,9500
Sun Jun 16 07:33:18 UTC 2019,9500
Sun Jun 16 07:34:00 UTC 2019,9499
Sun Jun 16 07:34:17 UTC 2019,9500
Sun Jun 16 07:34:33 UTC 2019,9500
Sun Jun 16 07:34:50 UTC 2019,9500
Sun Jun 16 07:35:06 UTC 2019,9499
Sun Jun 16 07:35:22 UTC 2019,9500
Sun Jun 16 07:35:39 UTC 2019,9500
Sun Jun 16 07:35:55 UTC 2019,9500
Sun Jun 16 07:36:15 UTC 2019,9500
Sun Jun 16 07:36:31 UTC 2019,9500
Sun Jun 16 07:36:50 UTC 2019,9500
Sun Jun 16 07:37:07 UTC 2019,9500
Sun Jun 16 07:37:30 UTC 2019,9500
Sun Jun 16 07:37:46 UTC 2019,9500
Sun Jun 16 07:38:29 UTC 2019,9500
Sun Jun 16 07:38:45 UTC 2019,9500
Sun Jun 16 07:39:02 UTC 2019,9500
Sun Jun 16 07:39:18 UTC 2019,9515
Sun Jun 16 07:39:35 UTC 2019,9500
Sun Jun 16 07:39:51 UTC 2019,9500
Sun Jun 16 07:40:11 UTC 2019,9500
Sun Jun 16 07:40:30 UTC 2019,9500
Sun Jun 16 07:40:47 UTC 2019,9500
Sun Jun 16 07:41:04 UTC 2019,9500
Sun Jun 16 07:41:21 UTC 2019,9509
Sun Jun 16 07:41:40 UTC 2019,9500
Sun Jun 16 07:41:56 UTC 2019,9500
Sun Jun 16 07:42:13 UTC 2019,9499
Sun Jun 16 07:42:29 UTC 2019,9500
Sun Jun 16 07:42:46 UTC 2019,9500
Sun Jun 16 07:43:03 UTC 2019,9500
Sun Jun 16 07:43:22 UTC 2019,9500
Sun Jun 16 07:43:39 UTC 2019,9500
Sun Jun 16 07:43:55 UTC 2019,9500
Sun Jun 16 07:44:12 UTC 2019,9500
Sun Jun 16 07:44:28 UTC 2019,9500
Sun Jun 16 07:44:45 UTC 2019,9500
Sun Jun 16 07:45:01 UTC 2019,9500
Sun Jun 16 07:45:18 UTC 2019,9500
Sun Jun 16 07:45:34 UTC 2019,9500
Sun Jun 16 07:46:13 UTC 2019,9540
Sun Jun 16 07:46:59 UTC 2019,9500
Sun Jun 16 07:47:16 UTC 2019,9500
Sun Jun 16 07:47:32 UTC 2019,9500
Sun Jun 16 07:47:49 UTC 2019,9500
Sun Jun 16 07:48:05 UTC 2019,9500
Sun Jun 16 07:48:22 UTC 2019,9500
Sun Jun 16 07:48:38 UTC 2019,9500
Sun Jun 16 07:48:54 UTC 2019,9500
Sun Jun 16 07:49:11 UTC 2019,9500
Sun Jun 16 07:49:40 UTC 2019,9500
Sun Jun 16 07:50:00 UTC 2019,9500
Sun Jun 16 07:50:17 UTC 2019,9500
Sun Jun 16 07:50:33 UTC 2019,9499
Sun Jun 16 07:50:50 UTC 2019,9500
Sun Jun 16 07:51:06 UTC 2019,9500
Sun Jun 16 07:51:23 UTC 2019,9500
Sun Jun 16 07:51:39 UTC 2019,9499
Sun Jun 16 07:51:56 UTC 2019,9500
Sun Jun 16 07:52:12 UTC 2019,9500
Sun Jun 16 07:52:31 UTC 2019,9500
Sun Jun 16 07:52:48 UTC 2019,9500
Sun Jun 16 07:53:04 UTC 2019,9500
Sun Jun 16 07:53:21 UTC 2019,9500
Sun Jun 16 07:53:40 UTC 2019,9500
Sun Jun 16 07:53:57 UTC 2019,9500
Sun Jun 16 07:54:13 UTC 2019,9499
Sun Jun 16 07:54:30 UTC 2019,9500
Sun Jun 16 07:54:46 UTC 2019,9500
Sun Jun 16 07:55:03 UTC 2019,9500
Sun Jun 16 07:55:19 UTC 2019,9500
Sun Jun 16 07:55:36 UTC 2019,9500
Sun Jun 16 07:55:52 UTC 2019,9500
Sun Jun 16 07:56:09 UTC 2019,9500
Sun Jun 16 07:56:25 UTC 2019,9500
Sun Jun 16 07:56:41 UTC 2019,9499
Sun Jun 16 07:56:58 UTC 2019,9499
Sun Jun 16 07:57:14 UTC 2019,9500
Sun Jun 16 07:57:34 UTC 2019,9500
Sun Jun 16 07:57:50 UTC 2019,9500
Sun Jun 16 07:58:07 UTC 2019,9499
Sun Jun 16 07:58:23 UTC 2019,9499
Sun Jun 16 07:58:40 UTC 2019,9500
Sun Jun 16 07:58:59 UTC 2019,9500
Sun Jun 16 07:59:16 UTC 2019,9499
Sun Jun 16 07:59:33 UTC 2019,9500
Sun Jun 16 07:59:52 UTC 2019,9500
Sun Jun 16 08:00:08 UTC 2019,9500
Sun Jun 16 08:00:25 UTC 2019,9500
Sun Jun 16 08:00:44 UTC 2019,9500
Sun Jun 16 08:01:00 UTC 2019,9500
Sun Jun 16 08:01:17 UTC 2019,9509
Sun Jun 16 08:01:34 UTC 2019,9509
Sun Jun 16 08:01:50 UTC 2019,9509
Sun Jun 16 08:02:07 UTC 2019,9509
Sun Jun 16 08:02:23 UTC 2019,9500
Sun Jun 16 08:02:53 UTC 2019,9533
Sun Jun 16 08:03:09 UTC 2019,9500
Sun Jun 16 08:03:26 UTC 2019,9520
Sun Jun 16 08:03:42 UTC 2019,9500
Sun Jun 16 08:04:02 UTC 2019,9514
Sun Jun 16 08:04:18 UTC 2019,9509
Sun Jun 16 08:04:35 UTC 2019,9499
Sun Jun 16 08:04:51 UTC 2019,9515
Sun Jun 16 08:05:08 UTC 2019,9509
Sun Jun 16 08:05:27 UTC 2019,9509
Sun Jun 16 08:05:44 UTC 2019,9500
Sun Jun 16 08:06:00 UTC 2019,9500
Sun Jun 16 08:06:17 UTC 2019,9509
Sun Jun 16 08:06:34 UTC 2019,9515
Sun Jun 16 08:06:50 UTC 2019,9509
Sun Jun 16 08:07:07 UTC 2019,9510
Sun Jun 16 08:07:23 UTC 2019,9509
Sun Jun 16 08:07:40 UTC 2019,9509
Sun Jun 16 08:07:56 UTC 2019,9510
Sun Jun 16 08:08:12 UTC 2019,9509
Sun Jun 16 08:08:29 UTC 2019,9509
Sun Jun 16 08:08:45 UTC 2019,9509
Sun Jun 16 08:09:02 UTC 2019,9537
Sun Jun 16 08:09:18 UTC 2019,9540
Sun Jun 16 08:09:35 UTC 2019,9517
Sun Jun 16 08:09:51 UTC 2019,9536
Sun Jun 16 08:10:11 UTC 2019,9519
Sun Jun 16 08:10:29 UTC 2019,9519
Sun Jun 16 08:10:45 UTC 2019,9540
Sun Jun 16 08:11:02 UTC 2019,9537
Sun Jun 16 08:11:18 UTC 2019,9514
Sun Jun 16 08:11:35 UTC 2019,9533
Sun Jun 16 08:11:51 UTC 2019,9533
Sun Jun 16 08:12:07 UTC 2019,9517
Sun Jun 16 08:12:24 UTC 2019,9509
Sun Jun 16 08:12:40 UTC 2019,9520
Sun Jun 16 08:12:57 UTC 2019,9547
Sun Jun 16 08:13:26 UTC 2019,9537
Sun Jun 16 08:13:43 UTC 2019,9520
Sun Jun 16 08:14:00 UTC 2019,9537
Sun Jun 16 08:14:16 UTC 2019,9536
Sun Jun 16 08:14:32 UTC 2019,9537
Sun Jun 16 08:14:49 UTC 2019,9533
Sun Jun 16 08:15:05 UTC 2019,9520
Sun Jun 16 08:15:24 UTC 2019,9537
Sun Jun 16 08:15:41 UTC 2019,9520
Sun Jun 16 08:16:10 UTC 2019,9515
Sun Jun 16 08:16:27 UTC 2019,9510
Sun Jun 16 08:16:43 UTC 2019,9509
Sun Jun 16 08:17:00 UTC 2019,9509
Sun Jun 16 08:17:16 UTC 2019,9547
Sun Jun 16 08:17:33 UTC 2019,9533
Sun Jun 16 08:17:52 UTC 2019,9509
Sun Jun 16 08:18:11 UTC 2019,9515
Sun Jun 16 08:18:28 UTC 2019,9509
Sun Jun 16 08:18:44 UTC 2019,9500
Sun Jun 16 08:19:01 UTC 2019,9527
Sun Jun 16 08:19:17 UTC 2019,9499
Sun Jun 16 08:19:34 UTC 2019,9509
Sun Jun 16 08:19:50 UTC 2019,9509
Sun Jun 16 08:20:07 UTC 2019,9509
Sun Jun 16 08:20:23 UTC 2019,9509
Sun Jun 16 08:20:40 UTC 2019,9509
Sun Jun 16 08:20:59 UTC 2019,9520
Sun Jun 16 08:21:16 UTC 2019,9500
Sun Jun 16 08:21:32 UTC 2019,9515
Sun Jun 16 08:21:49 UTC 2019,9509
Sun Jun 16 08:22:05 UTC 2019,9543
Sun Jun 16 08:22:41 UTC 2019,9500
Sun Jun 16 08:22:57 UTC 2019,9517
Sun Jun 16 08:23:14 UTC 2019,9509
Sun Jun 16 08:23:30 UTC 2019,9500
Sun Jun 16 08:23:47 UTC 2019,9509
Sun Jun 16 08:24:03 UTC 2019,9509
Sun Jun 16 08:24:20 UTC 2019,9500
Sun Jun 16 08:24:36 UTC 2019,9509
Sun Jun 16 08:24:53 UTC 2019,9509
Sun Jun 16 08:25:09 UTC 2019,9509
Sun Jun 16 08:25:26 UTC 2019,9519
Sun Jun 16 08:25:42 UTC 2019,9520
Sun Jun 16 08:25:59 UTC 2019,9517
Sun Jun 16 08:26:15 UTC 2019,9517
Sun Jun 16 08:27:00 UTC 2019,9509
Sun Jun 16 08:27:17 UTC 2019,9509
Sun Jun 16 08:27:33 UTC 2019,9509
Sun Jun 16 08:27:50 UTC 2019,9509
Sun Jun 16 08:28:06 UTC 2019,9509
Sun Jun 16 08:28:23 UTC 2019,9499
Sun Jun 16 08:28:39 UTC 2019,9500
Sun Jun 16 08:28:56 UTC 2019,9500
Sun Jun 16 08:29:12 UTC 2019,9509
Sun Jun 16 08:29:28 UTC 2019,9500
Sun Jun 16 08:29:45 UTC 2019,9509
Sun Jun 16 08:30:01 UTC 2019,9500
Sun Jun 16 08:30:18 UTC 2019,9509
Sun Jun 16 08:30:34 UTC 2019,9509
Sun Jun 16 08:30:54 UTC 2019,9500
Sun Jun 16 08:31:10 UTC 2019,9500
Sun Jun 16 08:31:26 UTC 2019,9500
Sun Jun 16 08:31:43 UTC 2019,9500
Sun Jun 16 08:32:00 UTC 2019,9500
Sun Jun 16 08:32:16 UTC 2019,9500
Sun Jun 16 08:32:33 UTC 2019,9500
Sun Jun 16 08:32:49 UTC 2019,9499
Sun Jun 16 08:33:06 UTC 2019,9500
Sun Jun 16 08:33:22 UTC 2019,9499
Sun Jun 16 08:33:39 UTC 2019,9499
Sun Jun 16 08:33:56 UTC 2019,9499
Sun Jun 16 08:34:12 UTC 2019,9500
Sun Jun 16 08:34:29 UTC 2019,9500
Sun Jun 16 08:34:49 UTC 2019,9500
Sun Jun 16 08:35:05 UTC 2019,9500
Sun Jun 16 08:35:22 UTC 2019,9500
Sun Jun 16 08:35:39 UTC 2019,9500
Sun Jun 16 08:35:55 UTC 2019,9500
Sun Jun 16 08:36:14 UTC 2019,9500
Sun Jun 16 08:36:50 UTC 2019,9500
Sun Jun 16 08:37:07 UTC 2019,9500
Sun Jun 16 08:37:23 UTC 2019,9509
Sun Jun 16 08:37:40 UTC 2019,9500
Sun Jun 16 08:37:56 UTC 2019,9499
Sun Jun 16 08:38:19 UTC 2019,9509
Sun Jun 16 08:38:35 UTC 2019,9500
Sun Jun 16 08:38:52 UTC 2019,9500
Sun Jun 16 08:39:08 UTC 2019,9509
Sun Jun 16 08:39:25 UTC 2019,9500
Sun Jun 16 08:39:41 UTC 2019,9500
Sun Jun 16 08:39:58 UTC 2019,9499
Sun Jun 16 08:40:14 UTC 2019,9500
Sun Jun 16 08:40:31 UTC 2019,9509
Sun Jun 16 08:40:47 UTC 2019,9500
Sun Jun 16 08:41:04 UTC 2019,9509
Sun Jun 16 08:41:20 UTC 2019,9500
Sun Jun 16 08:41:37 UTC 2019,9500
Sun Jun 16 08:41:53 UTC 2019,9500
Sun Jun 16 08:42:10 UTC 2019,9500
Sun Jun 16 08:42:29 UTC 2019,9500
Sun Jun 16 08:42:46 UTC 2019,9500
Sun Jun 16 08:43:02 UTC 2019,9500
Sun Jun 16 08:43:25 UTC 2019,9500
Sun Jun 16 08:43:42 UTC 2019,9500
Sun Jun 16 08:43:58 UTC 2019,9500
Sun Jun 16 08:44:15 UTC 2019,9500
Sun Jun 16 08:44:31 UTC 2019,9499
Sun Jun 16 08:44:48 UTC 2019,9500
Sun Jun 16 08:45:07 UTC 2019,9500
Sun Jun 16 08:45:24 UTC 2019,9500
Sun Jun 16 08:45:40 UTC 2019,9499
Sun Jun 16 08:45:57 UTC 2019,9499
Sun Jun 16 08:46:13 UTC 2019,9499
Sun Jun 16 08:46:49 UTC 2019,9469
Sun Jun 16 08:47:06 UTC 2019,9475
Sun Jun 16 08:47:22 UTC 2019,9469
Sun Jun 16 08:47:39 UTC 2019,9469
Sun Jun 16 08:47:55 UTC 2019,9472
Sun Jun 16 08:48:11 UTC 2019,9456
Sun Jun 16 08:48:28 UTC 2019,9469
Sun Jun 16 08:48:44 UTC 2019,9469
Sun Jun 16 08:49:01 UTC 2019,9475
Sun Jun 16 08:49:20 UTC 2019,9469
Sun Jun 16 08:49:37 UTC 2019,9469
Sun Jun 16 08:49:53 UTC 2019,9469
Sun Jun 16 08:50:10 UTC 2019,9469
Sun Jun 16 08:50:26 UTC 2019,9469
Sun Jun 16 08:50:43 UTC 2019,9469
Sun Jun 16 08:51:19 UTC 2019,9469
Sun Jun 16 08:51:35 UTC 2019,9469
Sun Jun 16 08:51:52 UTC 2019,9467
Sun Jun 16 08:52:12 UTC 2019,9469
Sun Jun 16 08:52:28 UTC 2019,9469
Sun Jun 16 08:52:44 UTC 2019,9469
Sun Jun 16 08:53:04 UTC 2019,9456
Sun Jun 16 08:53:27 UTC 2019,9469
Sun Jun 16 08:53:43 UTC 2019,9456
Sun Jun 16 08:54:00 UTC 2019,9469
Sun Jun 16 08:54:16 UTC 2019,9449
Sun Jun 16 08:54:32 UTC 2019,9450
Sun Jun 16 08:54:49 UTC 2019,9448
Sun Jun 16 08:55:05 UTC 2019,9447
Sun Jun 16 08:55:22 UTC 2019,9432
Sun Jun 16 08:55:38 UTC 2019,9449
Sun Jun 16 08:55:58 UTC 2019,9456
Sun Jun 16 08:56:17 UTC 2019,9450
Sun Jun 16 08:56:34 UTC 2019,9450
Sun Jun 16 08:57:43 UTC 2019,9469
Sun Jun 16 08:58:00 UTC 2019,9456
Sun Jun 16 08:58:16 UTC 2019,9450
Sun Jun 16 08:58:33 UTC 2019,9456
Sun Jun 16 08:59:19 UTC 2019,9450
Sun Jun 16 08:59:35 UTC 2019,9461
Sun Jun 16 08:59:52 UTC 2019,9453
Sun Jun 16 09:00:08 UTC 2019,9456
Sun Jun 16 09:00:27 UTC 2019,9450
Sun Jun 16 09:00:44 UTC 2019,9469
Sun Jun 16 09:01:00 UTC 2019,9468
Sun Jun 16 09:01:20 UTC 2019,9461
Sun Jun 16 09:01:36 UTC 2019,9458
Sun Jun 16 09:01:53 UTC 2019,9456
Sun Jun 16 09:02:12 UTC 2019,9448
Sun Jun 16 09:02:29 UTC 2019,9456
Sun Jun 16 09:03:05 UTC 2019,9455
Sun Jun 16 09:03:22 UTC 2019,9456
Sun Jun 16 09:03:38 UTC 2019,9443
Sun Jun 16 09:03:54 UTC 2019,9448
Sun Jun 16 09:04:11 UTC 2019,9450
Sun Jun 16 09:04:30 UTC 2019,9449
Sun Jun 16 09:04:47 UTC 2019,9450
Sun Jun 16 09:05:03 UTC 2019,9449
Sun Jun 16 09:05:19 UTC 2019,9441
Sun Jun 16 09:05:39 UTC 2019,9450
Sun Jun 16 09:05:56 UTC 2019,9450
Sun Jun 16 09:06:12 UTC 2019,9449
Sun Jun 16 09:06:28 UTC 2019,9437
Sun Jun 16 09:07:07 UTC 2019,9442
Sun Jun 16 09:07:27 UTC 2019,9449
Sun Jun 16 09:07:43 UTC 2019,9449
Sun Jun 16 09:08:19 UTC 2019,9448
Sun Jun 16 09:08:35 UTC 2019,9450
Sun Jun 16 09:09:08 UTC 2019,9450
Sun Jun 16 09:09:28 UTC 2019,9448
Sun Jun 16 09:09:45 UTC 2019,9452
Sun Jun 16 09:10:01 UTC 2019,9450
Sun Jun 16 09:10:18 UTC 2019,9456
Sun Jun 16 09:10:34 UTC 2019,9456
Sun Jun 16 09:10:51 UTC 2019,9451
Sun Jun 16 09:11:07 UTC 2019,9450
Sun Jun 16 09:11:24 UTC 2019,9456
Sun Jun 16 09:11:40 UTC 2019,9454
Sun Jun 16 09:12:50 UTC 2019,9428
Sun Jun 16 09:13:10 UTC 2019,9419
Sun Jun 16 09:13:26 UTC 2019,9431
Sun Jun 16 09:13:43 UTC 2019,9418
Sun Jun 16 09:13:59 UTC 2019,9421
Sun Jun 16 09:14:16 UTC 2019,9418
Sun Jun 16 09:14:35 UTC 2019,9430
Sun Jun 16 09:14:51 UTC 2019,9449
Sun Jun 16 09:16:01 UTC 2019,9442
Sun Jun 16 09:16:17 UTC 2019,9431
Sun Jun 16 09:16:34 UTC 2019,9437
Sun Jun 16 09:16:57 UTC 2019,9419
Sun Jun 16 09:17:13 UTC 2019,9418
Sun Jun 16 09:17:30 UTC 2019,9419
Sun Jun 16 09:17:46 UTC 2019,9430
Sun Jun 16 09:18:02 UTC 2019,9428
Sun Jun 16 09:18:41 UTC 2019,9450
Sun Jun 16 09:18:58 UTC 2019,9449
Sun Jun 16 09:19:34 UTC 2019,9418
Sun Jun 16 09:19:50 UTC 2019,9418
Sun Jun 16 09:20:07 UTC 2019,9428
Sun Jun 16 09:20:23 UTC 2019,9443
Sun Jun 16 09:21:32 UTC 2019,9448
Sun Jun 16 09:21:49 UTC 2019,9431
Sun Jun 16 09:22:06 UTC 2019,9431
Sun Jun 16 09:22:22 UTC 2019,9449
Sun Jun 16 09:22:38 UTC 2019,9447
Sun Jun 16 09:23:11 UTC 2019,9430
Sun Jun 16 09:23:31 UTC 2019,9422
Sun Jun 16 09:23:47 UTC 2019,9428
Sun Jun 16 09:24:03 UTC 2019,9418
Sun Jun 16 09:24:20 UTC 2019,9422
Sun Jun 16 09:24:40 UTC 2019,9419
Sun Jun 16 09:24:56 UTC 2019,9418
Sun Jun 16 09:25:13 UTC 2019,9400
Sun Jun 16 09:25:29 UTC 2019,9400
Sun Jun 16 09:25:46 UTC 2019,9400
Sun Jun 16 09:26:02 UTC 2019,9418
Sun Jun 16 09:26:18 UTC 2019,9400
Sun Jun 16 09:26:35 UTC 2019,9414
Sun Jun 16 09:26:51 UTC 2019,9400
Sun Jun 16 09:27:08 UTC 2019,9399
Sun Jun 16 09:27:43 UTC 2019,9431
Sun Jun 16 09:28:00 UTC 2019,9431
Sun Jun 16 09:28:16 UTC 2019,9418
Sun Jun 16 09:28:39 UTC 2019,9414
Sun Jun 16 09:28:56 UTC 2019,9400
Sun Jun 16 09:29:19 UTC 2019,9409
Sun Jun 16 09:29:35 UTC 2019,9409
Sun Jun 16 09:29:52 UTC 2019,9400
Sun Jun 16 09:30:08 UTC 2019,9409
Sun Jun 16 09:30:25 UTC 2019,9409
Sun Jun 16 09:30:41 UTC 2019,9400
Sun Jun 16 09:30:58 UTC 2019,9400
Sun Jun 16 09:31:14 UTC 2019,9447
Sun Jun 16 09:31:31 UTC 2019,9451
Sun Jun 16 09:31:47 UTC 2019,9469
Sun Jun 16 09:32:04 UTC 2019,9450
Sun Jun 16 09:32:20 UTC 2019,9456
Sun Jun 16 09:32:39 UTC 2019,9450
Sun Jun 16 09:32:56 UTC 2019,9451
Sun Jun 16 09:33:15 UTC 2019,9460
Sun Jun 16 09:33:46 UTC 2019,9428
Sun Jun 16 09:34:02 UTC 2019,9443
Sun Jun 16 09:34:22 UTC 2019,9449
Sun Jun 16 09:34:38 UTC 2019,9437
Sun Jun 16 09:34:55 UTC 2019,9443
Sun Jun 16 09:35:11 UTC 2019,9449
Sun Jun 16 09:35:27 UTC 2019,9469
Sun Jun 16 09:36:00 UTC 2019,9450
Sun Jun 16 09:36:36 UTC 2019,9467
Sun Jun 16 09:36:53 UTC 2019,9450
Sun Jun 16 09:37:09 UTC 2019,9461
Sun Jun 16 09:37:26 UTC 2019,9456
Sun Jun 16 09:37:42 UTC 2019,9456
Sun Jun 16 09:37:59 UTC 2019,9456
Sun Jun 16 09:38:15 UTC 2019,9456
Sun Jun 16 09:38:32 UTC 2019,9454
Sun Jun 16 09:38:48 UTC 2019,9450
Sun Jun 16 09:39:11 UTC 2019,9456
Sun Jun 16 09:39:27 UTC 2019,9449
Sun Jun 16 09:39:44 UTC 2019,9450
Sun Jun 16 09:40:03 UTC 2019,9450
Sun Jun 16 09:40:20 UTC 2019,9448
Sun Jun 16 09:40:36 UTC 2019,9456
Sun Jun 16 09:40:53 UTC 2019,9456
Sun Jun 16 09:41:09 UTC 2019,9441
Sun Jun 16 09:41:26 UTC 2019,9437
Sun Jun 16 09:41:42 UTC 2019,9449
Sun Jun 16 09:42:02 UTC 2019,9450
Sun Jun 16 09:42:18 UTC 2019,9456
Sun Jun 16 09:42:35 UTC 2019,9449
Sun Jun 16 09:42:51 UTC 2019,9454
Sun Jun 16 09:43:07 UTC 2019,9443
Sun Jun 16 09:43:24 UTC 2019,9456
Sun Jun 16 09:43:40 UTC 2019,9449
Sun Jun 16 09:43:57 UTC 2019,9448
Sun Jun 16 09:44:13 UTC 2019,9449
Sun Jun 16 09:44:30 UTC 2019,9447
Sun Jun 16 09:44:46 UTC 2019,9450
Sun Jun 16 09:45:02 UTC 2019,9461
Sun Jun 16 09:45:22 UTC 2019,9459
Sun Jun 16 09:45:51 UTC 2019,9460
Sun Jun 16 09:46:08 UTC 2019,9450
Sun Jun 16 09:46:24 UTC 2019,9439
Sun Jun 16 09:46:40 UTC 2019,9450
Sun Jun 16 09:47:16 UTC 2019,9450
Sun Jun 16 09:47:36 UTC 2019,9449
Sun Jun 16 09:48:12 UTC 2019,9437
Sun Jun 16 09:48:28 UTC 2019,9431
Sun Jun 16 09:48:45 UTC 2019,9439
Sun Jun 16 09:49:01 UTC 2019,9450
Sun Jun 16 09:49:20 UTC 2019,9449
Sun Jun 16 09:49:40 UTC 2019,9447
Sun Jun 16 09:50:13 UTC 2019,9449
Sun Jun 16 09:50:30 UTC 2019,9447
Sun Jun 16 09:50:59 UTC 2019,9448
Sun Jun 16 09:51:15 UTC 2019,9451
Sun Jun 16 09:51:32 UTC 2019,9450
Sun Jun 16 09:51:48 UTC 2019,9449
Sun Jun 16 09:52:31 UTC 2019,9449
Sun Jun 16 09:52:47 UTC 2019,9450
Sun Jun 16 09:53:04 UTC 2019,9449
Sun Jun 16 09:53:20 UTC 2019,9448
Sun Jun 16 09:53:37 UTC 2019,9450
Sun Jun 16 09:53:56 UTC 2019,9449
Sun Jun 16 09:54:26 UTC 2019,9448
Sun Jun 16 09:54:43 UTC 2019,9428
Sun Jun 16 09:55:00 UTC 2019,9443
Sun Jun 16 09:55:19 UTC 2019,9431
Sun Jun 16 09:55:36 UTC 2019,9431
Sun Jun 16 09:55:52 UTC 2019,9418
Sun Jun 16 09:56:09 UTC 2019,9431
Sun Jun 16 09:56:32 UTC 2019,9418
Sun Jun 16 09:57:15 UTC 2019,9424
Sun Jun 16 09:57:31 UTC 2019,9418
Sun Jun 16 09:57:48 UTC 2019,9418
Sun Jun 16 09:58:10 UTC 2019,9443
Sun Jun 16 09:58:27 UTC 2019,9442
Sun Jun 16 09:58:56 UTC 2019,9439
Sun Jun 16 09:59:13 UTC 2019,9419
Sun Jun 16 09:59:29 UTC 2019,9418
Sun Jun 16 09:59:46 UTC 2019,9450
Sun Jun 16 10:00:02 UTC 2019,9449
Sun Jun 16 10:00:19 UTC 2019,9443
Sun Jun 16 10:00:35 UTC 2019,9456
Sun Jun 16 10:00:52 UTC 2019,9450
Sun Jun 16 10:01:08 UTC 2019,9454
Sun Jun 16 10:01:31 UTC 2019,9454
Sun Jun 16 10:01:47 UTC 2019,9451
Sun Jun 16 10:02:04 UTC 2019,9447
Sun Jun 16 10:02:20 UTC 2019,9451
Sun Jun 16 10:02:37 UTC 2019,9457
Sun Jun 16 10:03:53 UTC 2019,9463
Sun Jun 16 10:04:09 UTC 2019,9469
Sun Jun 16 10:04:26 UTC 2019,9465
Sun Jun 16 10:04:42 UTC 2019,9472
Sun Jun 16 10:04:59 UTC 2019,9469
Sun Jun 16 10:05:15 UTC 2019,9469
Sun Jun 16 10:05:32 UTC 2019,9469
Sun Jun 16 10:05:48 UTC 2019,9469
Sun Jun 16 10:06:04 UTC 2019,9469
Sun Jun 16 10:06:21 UTC 2019,9469
Sun Jun 16 10:06:37 UTC 2019,9469
Sun Jun 16 10:07:37 UTC 2019,9468
Sun Jun 16 10:07:54 UTC 2019,9469
Sun Jun 16 10:08:10 UTC 2019,9469
Sun Jun 16 10:08:27 UTC 2019,9469
Sun Jun 16 10:08:43 UTC 2019,9465
Sun Jun 16 10:09:00 UTC 2019,9469
Sun Jun 16 10:09:16 UTC 2019,9469
Sun Jun 16 10:09:59 UTC 2019,9469
Sun Jun 16 10:10:35 UTC 2019,9467
Sun Jun 16 10:11:11 UTC 2019,9468
Sun Jun 16 10:11:28 UTC 2019,9469
Sun Jun 16 10:11:44 UTC 2019,9468
Sun Jun 16 10:12:14 UTC 2019,9469
Sun Jun 16 10:12:30 UTC 2019,9469
Sun Jun 16 10:12:47 UTC 2019,9469
Sun Jun 16 10:13:03 UTC 2019,9469
Sun Jun 16 10:13:20 UTC 2019,9469
Sun Jun 16 10:13:36 UTC 2019,9468
Sun Jun 16 10:13:53 UTC 2019,9469
Sun Jun 16 10:14:09 UTC 2019,9469
Sun Jun 16 10:14:26 UTC 2019,9463
Sun Jun 16 10:14:42 UTC 2019,9468
Sun Jun 16 10:14:59 UTC 2019,9456
Sun Jun 16 10:15:15 UTC 2019,9469
Sun Jun 16 10:15:32 UTC 2019,9469
Sun Jun 16 10:16:47 UTC 2019,9474
Sun Jun 16 10:17:04 UTC 2019,9469
Sun Jun 16 10:17:20 UTC 2019,9469
Sun Jun 16 10:17:36 UTC 2019,9469
Sun Jun 16 10:17:53 UTC 2019,9469
Sun Jun 16 10:18:09 UTC 2019,9469
Sun Jun 16 10:18:26 UTC 2019,9469
Sun Jun 16 10:18:42 UTC 2019,9469
Sun Jun 16 10:18:59 UTC 2019,9469
Sun Jun 16 10:19:15 UTC 2019,9469
Sun Jun 16 10:19:32 UTC 2019,9469
Sun Jun 16 10:19:51 UTC 2019,9469
Sun Jun 16 10:20:20 UTC 2019,9469
Sun Jun 16 10:20:40 UTC 2019,9469
Sun Jun 16 10:21:19 UTC 2019,9469
Sun Jun 16 10:21:39 UTC 2019,9469
Sun Jun 16 10:21:55 UTC 2019,9469
Sun Jun 16 10:22:12 UTC 2019,9469
Sun Jun 16 10:22:31 UTC 2019,9469
Sun Jun 16 10:22:48 UTC 2019,9469
Sun Jun 16 10:23:04 UTC 2019,9469
Sun Jun 16 10:23:21 UTC 2019,9469
Sun Jun 16 10:23:37 UTC 2019,9469
Sun Jun 16 10:23:54 UTC 2019,9469
Sun Jun 16 10:24:10 UTC 2019,9469
Sun Jun 16 10:24:26 UTC 2019,9469
Sun Jun 16 10:24:43 UTC 2019,9469
Sun Jun 16 10:25:59 UTC 2019,9469
Sun Jun 16 10:26:18 UTC 2019,9469
Sun Jun 16 10:26:35 UTC 2019,9469
Sun Jun 16 10:26:52 UTC 2019,9469
Sun Jun 16 10:27:08 UTC 2019,9469
Sun Jun 16 10:27:25 UTC 2019,9469
Sun Jun 16 10:27:42 UTC 2019,9469
Sun Jun 16 10:27:59 UTC 2019,9469
Sun Jun 16 10:28:16 UTC 2019,9469
Sun Jun 16 10:28:33 UTC 2019,9469
Sun Jun 16 10:28:49 UTC 2019,9469
Sun Jun 16 10:29:06 UTC 2019,9469
Sun Jun 16 10:29:22 UTC 2019,9469
Sun Jun 16 10:29:42 UTC 2019,9469
Sun Jun 16 10:29:58 UTC 2019,9469
Sun Jun 16 10:30:15 UTC 2019,9469
Sun Jun 16 10:30:31 UTC 2019,9469
Sun Jun 16 10:30:48 UTC 2019,9469
Sun Jun 16 10:31:04 UTC 2019,9468
Sun Jun 16 10:31:21 UTC 2019,9469
Sun Jun 16 10:31:40 UTC 2019,9465
Sun Jun 16 10:31:56 UTC 2019,9468
Sun Jun 16 10:32:26 UTC 2019,9469
Sun Jun 16 10:32:42 UTC 2019,9469
Sun Jun 16 10:32:59 UTC 2019,9466
Sun Jun 16 10:33:15 UTC 2019,9464
Sun Jun 16 10:33:32 UTC 2019,9462
Sun Jun 16 10:34:07 UTC 2019,9469
Sun Jun 16 10:34:24 UTC 2019,9469
Sun Jun 16 10:35:06 UTC 2019,9464
Sun Jun 16 10:35:23 UTC 2019,9463
Sun Jun 16 10:36:05 UTC 2019,9464
Sun Jun 16 10:36:23 UTC 2019,9467
Sun Jun 16 10:36:40 UTC 2019,9469
Sun Jun 16 10:36:56 UTC 2019,9463
Sun Jun 16 10:37:13 UTC 2019,9468
Sun Jun 16 10:37:29 UTC 2019,9464
Sun Jun 16 10:37:46 UTC 2019,9465
Sun Jun 16 10:38:02 UTC 2019,9459
Sun Jun 16 10:38:19 UTC 2019,9454
Sun Jun 16 10:38:35 UTC 2019,9459
Sun Jun 16 10:38:55 UTC 2019,9465
Sun Jun 16 10:39:12 UTC 2019,9459
Sun Jun 16 10:39:28 UTC 2019,9460
Sun Jun 16 10:39:48 UTC 2019,9457
Sun Jun 16 10:40:04 UTC 2019,9458
Sun Jun 16 10:40:21 UTC 2019,9450
Sun Jun 16 10:40:40 UTC 2019,9456
Sun Jun 16 10:40:57 UTC 2019,9450
Sun Jun 16 10:41:13 UTC 2019,9456
Sun Jun 16 10:41:30 UTC 2019,9450
Sun Jun 16 10:41:46 UTC 2019,9450
Sun Jun 16 10:42:03 UTC 2019,9456
Sun Jun 16 10:42:19 UTC 2019,9459
Sun Jun 16 10:42:39 UTC 2019,9455
Sun Jun 16 10:43:54 UTC 2019,9449
Sun Jun 16 10:44:11 UTC 2019,9459
Sun Jun 16 10:44:28 UTC 2019,9450
Sun Jun 16 10:44:44 UTC 2019,9450
Sun Jun 16 10:45:01 UTC 2019,9450
Sun Jun 16 10:45:17 UTC 2019,9450
Sun Jun 16 10:45:33 UTC 2019,9456
Sun Jun 16 10:45:50 UTC 2019,9461
Sun Jun 16 10:46:07 UTC 2019,9456
Sun Jun 16 10:46:23 UTC 2019,9456
Sun Jun 16 10:46:40 UTC 2019,9449
Sun Jun 16 10:46:57 UTC 2019,9450
Sun Jun 16 10:48:06 UTC 2019,9455
Sun Jun 16 10:48:22 UTC 2019,9460
Sun Jun 16 10:48:42 UTC 2019,9455
Sun Jun 16 10:48:58 UTC 2019,9463
Sun Jun 16 10:49:15 UTC 2019,9459
Sun Jun 16 10:49:31 UTC 2019,9455
Sun Jun 16 10:49:48 UTC 2019,9456
Sun Jun 16 10:50:07 UTC 2019,9454
Sun Jun 16 10:50:24 UTC 2019,9453
Sun Jun 16 10:50:41 UTC 2019,9457
Sun Jun 16 10:50:57 UTC 2019,9459
Sun Jun 16 10:51:14 UTC 2019,9457
Sun Jun 16 10:51:30 UTC 2019,9454
Sun Jun 16 10:51:47 UTC 2019,9459
Sun Jun 16 10:52:03 UTC 2019,9455
Sun Jun 16 10:52:19 UTC 2019,9455
Sun Jun 16 10:52:36 UTC 2019,9459
Sun Jun 16 10:52:53 UTC 2019,9457
Sun Jun 16 10:53:09 UTC 2019,9455
Sun Jun 16 10:53:26 UTC 2019,9455
Sun Jun 16 10:53:42 UTC 2019,9454
Sun Jun 16 10:53:59 UTC 2019,9469
Sun Jun 16 10:54:18 UTC 2019,9460
Sun Jun 16 10:54:34 UTC 2019,9458
Sun Jun 16 10:54:50 UTC 2019,9455
Sun Jun 16 10:55:07 UTC 2019,9455
Sun Jun 16 10:55:23 UTC 2019,9452
Sun Jun 16 10:56:06 UTC 2019,9451
Sun Jun 16 10:56:23 UTC 2019,9451
Sun Jun 16 10:56:39 UTC 2019,9454
Sun Jun 16 10:56:56 UTC 2019,9451
Sun Jun 16 10:57:12 UTC 2019,9451
Sun Jun 16 10:57:29 UTC 2019,9457
Sun Jun 16 10:57:45 UTC 2019,9461
Sun Jun 16 10:58:02 UTC 2019,9459
Sun Jun 16 10:58:18 UTC 2019,9458
Sun Jun 16 10:58:34 UTC 2019,9458
Sun Jun 16 10:58:51 UTC 2019,9456
Sun Jun 16 10:59:10 UTC 2019,9455
Sun Jun 16 10:59:27 UTC 2019,9456
Sun Jun 16 10:59:43 UTC 2019,9459
Sun Jun 16 11:00:00 UTC 2019,9459
Sun Jun 16 11:00:16 UTC 2019,9456
Sun Jun 16 11:00:32 UTC 2019,9458
Sun Jun 16 11:00:49 UTC 2019,9459
Sun Jun 16 11:01:12 UTC 2019,9454
Sun Jun 16 11:01:29 UTC 2019,9460
Sun Jun 16 11:01:45 UTC 2019,9457
Sun Jun 16 11:02:01 UTC 2019,9462
Sun Jun 16 11:02:18 UTC 2019,9459
Sun Jun 16 11:02:34 UTC 2019,9458
Sun Jun 16 11:02:51 UTC 2019,9455
Sun Jun 16 11:03:07 UTC 2019,9455
Sun Jun 16 11:03:24 UTC 2019,9457
Sun Jun 16 11:03:40 UTC 2019,9456
Sun Jun 16 11:03:57 UTC 2019,9455
Sun Jun 16 11:04:26 UTC 2019,9452
Sun Jun 16 11:04:42 UTC 2019,9451
Sun Jun 16 11:04:59 UTC 2019,9452
Sun Jun 16 11:05:15 UTC 2019,9455
Sun Jun 16 11:05:32 UTC 2019,9455
Sun Jun 16 11:05:48 UTC 2019,9455
Sun Jun 16 11:06:24 UTC 2019,9454
Sun Jun 16 11:06:41 UTC 2019,9448
Sun Jun 16 11:06:57 UTC 2019,9449
Sun Jun 16 11:07:17 UTC 2019,9458
Sun Jun 16 11:08:00 UTC 2019,9455
Sun Jun 16 11:08:17 UTC 2019,9450
Sun Jun 16 11:08:40 UTC 2019,9450
Sun Jun 16 11:08:57 UTC 2019,9459
Sun Jun 16 11:09:16 UTC 2019,9449
Sun Jun 16 11:09:33 UTC 2019,9456
Sun Jun 16 11:09:49 UTC 2019,9450
Sun Jun 16 11:10:06 UTC 2019,9455
Sun Jun 16 11:10:22 UTC 2019,9456
Sun Jun 16 11:10:38 UTC 2019,9454
Sun Jun 16 11:10:55 UTC 2019,9454
Sun Jun 16 11:11:15 UTC 2019,9448
Sun Jun 16 11:12:30 UTC 2019,9447
Sun Jun 16 11:12:47 UTC 2019,9448
Sun Jun 16 11:13:06 UTC 2019,9443
Sun Jun 16 11:13:22 UTC 2019,9448
Sun Jun 16 11:13:39 UTC 2019,9443
Sun Jun 16 11:13:55 UTC 2019,9449
Sun Jun 16 11:14:12 UTC 2019,9448
Sun Jun 16 11:15:22 UTC 2019,9449
Sun Jun 16 11:15:42 UTC 2019,9448
Sun Jun 16 11:15:59 UTC 2019,9455
Sun Jun 16 11:16:15 UTC 2019,9448
Sun Jun 16 11:16:32 UTC 2019,9449
Sun Jun 16 11:16:48 UTC 2019,9449
Sun Jun 16 11:17:05 UTC 2019,9449
Sun Jun 16 11:17:21 UTC 2019,9450
Sun Jun 16 11:17:41 UTC 2019,9450
Sun Jun 16 11:18:10 UTC 2019,9450
Sun Jun 16 11:18:27 UTC 2019,9450
Sun Jun 16 11:18:46 UTC 2019,9455
Sun Jun 16 11:19:03 UTC 2019,9451
Sun Jun 16 11:19:19 UTC 2019,9450
Sun Jun 16 11:19:36 UTC 2019,9450
Sun Jun 16 11:20:12 UTC 2019,9450
Sun Jun 16 11:20:28 UTC 2019,9447
Sun Jun 16 11:20:45 UTC 2019,9448
Sun Jun 16 11:21:01 UTC 2019,9455
Sun Jun 16 11:21:18 UTC 2019,9449
Sun Jun 16 11:21:34 UTC 2019,9454
Sun Jun 16 11:21:51 UTC 2019,9449
Sun Jun 16 11:22:07 UTC 2019,9449
Sun Jun 16 11:22:23 UTC 2019,9450
Sun Jun 16 11:22:53 UTC 2019,9450
Sun Jun 16 11:23:09 UTC 2019,9449
Sun Jun 16 11:23:32 UTC 2019,9445
Sun Jun 16 11:24:15 UTC 2019,9449
Sun Jun 16 11:24:38 UTC 2019,9449
Sun Jun 16 11:24:55 UTC 2019,9450
Sun Jun 16 11:25:11 UTC 2019,9448
Sun Jun 16 11:25:31 UTC 2019,9449
Sun Jun 16 11:25:47 UTC 2019,9448
Sun Jun 16 11:26:04 UTC 2019,9448
Sun Jun 16 11:26:39 UTC 2019,9447
Sun Jun 16 11:26:56 UTC 2019,9445
Sun Jun 16 11:27:13 UTC 2019,9444
Sun Jun 16 11:28:12 UTC 2019,9442
Sun Jun 16 11:28:28 UTC 2019,9447
Sun Jun 16 11:28:45 UTC 2019,9444
Sun Jun 16 11:29:01 UTC 2019,9445
Sun Jun 16 11:29:17 UTC 2019,9444
Sun Jun 16 11:29:34 UTC 2019,9449
Sun Jun 16 11:29:50 UTC 2019,9448
Sun Jun 16 11:30:07 UTC 2019,9448
Sun Jun 16 11:30:23 UTC 2019,9447
Sun Jun 16 11:30:40 UTC 2019,9448
Sun Jun 16 11:30:59 UTC 2019,9448
Sun Jun 16 11:31:16 UTC 2019,9449
Sun Jun 16 11:31:32 UTC 2019,9449
Sun Jun 16 11:31:49 UTC 2019,9449
Sun Jun 16 11:32:05 UTC 2019,9449
Sun Jun 16 11:32:34 UTC 2019,9448
Sun Jun 16 11:32:52 UTC 2019,9447
Sun Jun 16 11:33:08 UTC 2019,9447
Sun Jun 16 11:33:25 UTC 2019,9447
Sun Jun 16 11:33:41 UTC 2019,9447
Sun Jun 16 11:33:58 UTC 2019,9447
Sun Jun 16 11:34:14 UTC 2019,9448
Sun Jun 16 11:34:31 UTC 2019,9444
Sun Jun 16 11:34:47 UTC 2019,9445
Sun Jun 16 11:35:04 UTC 2019,9441
Sun Jun 16 11:35:33 UTC 2019,9443
Sun Jun 16 11:35:50 UTC 2019,9447
Sun Jun 16 11:36:06 UTC 2019,9444
Sun Jun 16 11:36:23 UTC 2019,9443
Sun Jun 16 11:36:39 UTC 2019,9443
Sun Jun 16 11:36:56 UTC 2019,9442
Sun Jun 16 11:37:12 UTC 2019,9440
Sun Jun 16 11:37:29 UTC 2019,9441
Sun Jun 16 11:37:45 UTC 2019,9441
Sun Jun 16 11:38:02 UTC 2019,9439
Sun Jun 16 11:38:18 UTC 2019,9438
Sun Jun 16 11:38:35 UTC 2019,9443
Sun Jun 16 11:38:51 UTC 2019,9451
Sun Jun 16 11:39:08 UTC 2019,9463
Sun Jun 16 11:39:27 UTC 2019,9455
Sun Jun 16 11:39:43 UTC 2019,9459
Sun Jun 16 11:40:00 UTC 2019,9456
Sun Jun 16 11:40:16 UTC 2019,9456
Sun Jun 16 11:40:34 UTC 2019,9450
Sun Jun 16 11:40:54 UTC 2019,9450
Sun Jun 16 11:41:10 UTC 2019,9451
Sun Jun 16 11:41:27 UTC 2019,9454
Sun Jun 16 11:41:49 UTC 2019,9449
Sun Jun 16 11:42:06 UTC 2019,9450
Sun Jun 16 11:42:25 UTC 2019,9456
Sun Jun 16 11:42:42 UTC 2019,9449
Sun Jun 16 11:43:02 UTC 2019,9450
Sun Jun 16 11:43:31 UTC 2019,9449
Sun Jun 16 11:43:48 UTC 2019,9449
Sun Jun 16 11:44:04 UTC 2019,9448
Sun Jun 16 11:44:27 UTC 2019,9449
Sun Jun 16 11:45:37 UTC 2019,9452
Sun Jun 16 11:45:54 UTC 2019,9449
Sun Jun 16 11:46:10 UTC 2019,9449
Sun Jun 16 11:46:54 UTC 2019,9448
Sun Jun 16 11:47:10 UTC 2019,9457
Sun Jun 16 11:47:27 UTC 2019,9448
Sun Jun 16 11:47:46 UTC 2019,9449
Sun Jun 16 11:48:03 UTC 2019,9449
Sun Jun 16 11:48:20 UTC 2019,9443
Sun Jun 16 11:48:37 UTC 2019,9449
Sun Jun 16 11:48:53 UTC 2019,9447
Sun Jun 16 11:49:10 UTC 2019,9447
Sun Jun 16 11:50:26 UTC 2019,9431
Sun Jun 16 11:50:42 UTC 2019,9447
Sun Jun 16 11:50:59 UTC 2019,9439
Sun Jun 16 11:51:15 UTC 2019,9443
Sun Jun 16 11:51:32 UTC 2019,9447
Sun Jun 16 11:51:48 UTC 2019,9448
Sun Jun 16 11:52:05 UTC 2019,9447
Sun Jun 16 11:52:21 UTC 2019,9449
Sun Jun 16 11:52:38 UTC 2019,9450
Sun Jun 16 11:52:54 UTC 2019,9448
Sun Jun 16 11:53:11 UTC 2019,9439
Sun Jun 16 11:53:27 UTC 2019,9439
Sun Jun 16 11:53:44 UTC 2019,9446
Sun Jun 16 11:55:00 UTC 2019,9450
Sun Jun 16 11:55:16 UTC 2019,9450
Sun Jun 16 11:55:33 UTC 2019,9449
Sun Jun 16 11:55:49 UTC 2019,9449
Sun Jun 16 11:56:59 UTC 2019,9455
Sun Jun 16 11:57:15 UTC 2019,9455
Sun Jun 16 11:57:32 UTC 2019,9450
Sun Jun 16 11:57:51 UTC 2019,9450
Sun Jun 16 11:58:08 UTC 2019,9449
Sun Jun 16 11:58:24 UTC 2019,9450
Sun Jun 16 11:58:43 UTC 2019,9456
Sun Jun 16 11:59:00 UTC 2019,9454
Sun Jun 16 11:59:16 UTC 2019,9458
Sun Jun 16 12:00:24 UTC 2019,9455
Sun Jun 16 12:00:40 UTC 2019,9450
Sun Jun 16 12:00:57 UTC 2019,9456
Sun Jun 16 12:02:06 UTC 2019,9467
Sun Jun 16 12:02:23 UTC 2019,9466
Sun Jun 16 12:02:59 UTC 2019,9459
Sun Jun 16 12:03:16 UTC 2019,9459
Sun Jun 16 12:03:32 UTC 2019,9460
Sun Jun 16 12:03:49 UTC 2019,9463
Sun Jun 16 12:04:08 UTC 2019,9462
Sun Jun 16 12:04:28 UTC 2019,9463
Sun Jun 16 12:04:44 UTC 2019,9456
Sun Jun 16 12:05:01 UTC 2019,9459
Sun Jun 16 12:05:17 UTC 2019,9456
Sun Jun 16 12:05:34 UTC 2019,9456
Sun Jun 16 12:05:50 UTC 2019,9459
Sun Jun 16 12:06:07 UTC 2019,9455
Sun Jun 16 12:06:23 UTC 2019,9455
Sun Jun 16 12:06:39 UTC 2019,9455
Sun Jun 16 12:06:56 UTC 2019,9457
Sun Jun 16 12:07:12 UTC 2019,9540
Sun Jun 16 12:07:29 UTC 2019,9539
Sun Jun 16 12:07:45 UTC 2019,9539
Sun Jun 16 12:08:02 UTC 2019,9538
Sun Jun 16 12:09:18 UTC 2019,9538
Sun Jun 16 12:09:34 UTC 2019,9535
Sun Jun 16 12:09:51 UTC 2019,9539
Sun Jun 16 12:10:07 UTC 2019,9569
Sun Jun 16 12:10:40 UTC 2019,9567
Sun Jun 16 12:10:56 UTC 2019,9569
Sun Jun 16 12:11:16 UTC 2019,9572
Sun Jun 16 12:11:39 UTC 2019,9569
Sun Jun 16 12:11:56 UTC 2019,9568
Sun Jun 16 12:12:12 UTC 2019,9566
Sun Jun 16 12:12:29 UTC 2019,9566
Sun Jun 16 12:12:45 UTC 2019,9563
Sun Jun 16 12:13:24 UTC 2019,9574
Sun Jun 16 12:13:46 UTC 2019,9577
Sun Jun 16 12:14:03 UTC 2019,9573
Sun Jun 16 12:14:19 UTC 2019,9567
Sun Jun 16 12:15:02 UTC 2019,9469
Sun Jun 16 12:15:19 UTC 2019,9469
Sun Jun 16 12:15:35 UTC 2019,9468
Sun Jun 16 12:16:05 UTC 2019,9469
Sun Jun 16 12:16:22 UTC 2019,9468
Sun Jun 16 12:16:38 UTC 2019,9563
Sun Jun 16 12:16:55 UTC 2019,9567
Sun Jun 16 12:17:11 UTC 2019,9563
Sun Jun 16 12:17:28 UTC 2019,9564
Sun Jun 16 12:17:44 UTC 2019,9661
Sun Jun 16 12:18:14 UTC 2019,9568
Sun Jun 16 12:18:56 UTC 2019,9565
Sun Jun 16 12:19:26 UTC 2019,9570
Sun Jun 16 12:19:43 UTC 2019,9564
Sun Jun 16 12:19:59 UTC 2019,9567
Sun Jun 16 12:20:16 UTC 2019,9567
Sun Jun 16 12:20:32 UTC 2019,9569
Sun Jun 16 12:20:48 UTC 2019,9569
Sun Jun 16 12:21:05 UTC 2019,9569
Sun Jun 16 12:21:21 UTC 2019,9568
Sun Jun 16 12:21:38 UTC 2019,9566
Sun Jun 16 12:21:54 UTC 2019,9568
Sun Jun 16 12:22:11 UTC 2019,9566
Sun Jun 16 12:22:27 UTC 2019,9569
Sun Jun 16 12:22:44 UTC 2019,9569
Sun Jun 16 12:23:00 UTC 2019,9569
Sun Jun 16 12:23:17 UTC 2019,9569
Sun Jun 16 12:23:50 UTC 2019,13256
Sun Jun 16 12:24:06 UTC 2019,13292
Sun Jun 16 12:24:26 UTC 2019,13259
Sun Jun 16 12:24:42 UTC 2019,13256
Sun Jun 16 12:25:01 UTC 2019,13319
Sun Jun 16 12:25:18 UTC 2019,13332
Sun Jun 16 12:25:34 UTC 2019,13259
Sun Jun 16 12:25:51 UTC 2019,13221
Sun Jun 16 12:26:07 UTC 2019,9942
Sun Jun 16 12:26:24 UTC 2019,9943
Sun Jun 16 12:26:40 UTC 2019,9945
Sun Jun 16 12:26:56 UTC 2019,9945
Sun Jun 16 12:27:13 UTC 2019,9943
Sun Jun 16 12:27:29 UTC 2019,9940
Sun Jun 16 12:27:46 UTC 2019,9941
Sun Jun 16 12:28:02 UTC 2019,9939
Sun Jun 16 12:28:19 UTC 2019,13199
Sun Jun 16 12:28:35 UTC 2019,13199
Sun Jun 16 12:28:52 UTC 2019,13199
Sun Jun 16 12:29:08 UTC 2019,13199
Sun Jun 16 12:29:41 UTC 2019,13201
Sun Jun 16 12:29:58 UTC 2019,13199
Sun Jun 16 12:30:14 UTC 2019,13155
Sun Jun 16 12:30:31 UTC 2019,13221
Sun Jun 16 12:31:13 UTC 2019,13221
Sun Jun 16 12:31:30 UTC 2019,13199
Sun Jun 16 12:31:46 UTC 2019,13201
Sun Jun 16 12:32:03 UTC 2019,13209
Sun Jun 16 12:32:19 UTC 2019,13199
Sun Jun 16 12:32:36 UTC 2019,13199
Sun Jun 16 12:32:55 UTC 2019,13199
Sun Jun 16 12:33:12 UTC 2019,13209
Sun Jun 16 12:33:35 UTC 2019,13191
Sun Jun 16 12:33:51 UTC 2019,13199
Sun Jun 16 12:34:07 UTC 2019,13219
Sun Jun 16 12:34:24 UTC 2019,13209
Sun Jun 16 12:35:23 UTC 2019,13199
Sun Jun 16 12:36:35 UTC 2019,13199
Sun Jun 16 12:36:51 UTC 2019,13155
Sun Jun 16 12:37:08 UTC 2019,13199
Sun Jun 16 12:37:24 UTC 2019,13199
Sun Jun 16 12:37:41 UTC 2019,13201
Sun Jun 16 12:37:57 UTC 2019,13191
Sun Jun 16 12:38:14 UTC 2019,13129
Sun Jun 16 12:38:30 UTC 2019,13199
Sun Jun 16 12:39:07 UTC 2019,13201
Sun Jun 16 12:39:23 UTC 2019,13201
Sun Jun 16 12:39:40 UTC 2019,13209
Sun Jun 16 12:39:56 UTC 2019,13199
Sun Jun 16 12:40:13 UTC 2019,13199
Sun Jun 16 12:40:30 UTC 2019,13219
Sun Jun 16 12:40:47 UTC 2019,13217
Sun Jun 16 12:41:03 UTC 2019,13209
Sun Jun 16 12:41:20 UTC 2019,13199
Sun Jun 16 12:41:36 UTC 2019,13199
Sun Jun 16 12:41:53 UTC 2019,13199
Sun Jun 16 12:42:10 UTC 2019,13217
Sun Jun 16 12:42:27 UTC 2019,13201
Sun Jun 16 12:42:43 UTC 2019,13201
Sun Jun 16 12:43:03 UTC 2019,13199
Sun Jun 16 12:43:19 UTC 2019,13209
Sun Jun 16 12:43:36 UTC 2019,13142
Sun Jun 16 12:43:52 UTC 2019,13142
Sun Jun 16 12:44:09 UTC 2019,13155
Sun Jun 16 12:44:25 UTC 2019,13199
Sun Jun 16 12:44:42 UTC 2019,13155
Sun Jun 16 12:44:58 UTC 2019,13199
Sun Jun 16 12:45:15 UTC 2019,13142
Sun Jun 16 12:45:31 UTC 2019,13142
Sun Jun 16 12:45:48 UTC 2019,13201
Sun Jun 16 12:46:04 UTC 2019,13199
Sun Jun 16 12:46:20 UTC 2019,13199
Sun Jun 16 12:46:37 UTC 2019,13191
Sun Jun 16 12:46:53 UTC 2019,13201
Sun Jun 16 12:47:13 UTC 2019,13199
Sun Jun 16 12:47:30 UTC 2019,13199
Sun Jun 16 12:47:46 UTC 2019,13199
Sun Jun 16 12:48:03 UTC 2019,13191
Sun Jun 16 12:48:19 UTC 2019,13201
Sun Jun 16 12:48:35 UTC 2019,13201
Sun Jun 16 12:48:52 UTC 2019,13209
Sun Jun 16 12:49:08 UTC 2019,13219
Sun Jun 16 12:49:25 UTC 2019,13199
Sun Jun 16 12:49:41 UTC 2019,13201
Sun Jun 16 12:49:58 UTC 2019,13219
Sun Jun 16 12:50:14 UTC 2019,13209
Sun Jun 16 12:50:31 UTC 2019,13209
Sun Jun 16 12:50:47 UTC 2019,13201
Sun Jun 16 12:51:04 UTC 2019,13217
Sun Jun 16 12:51:20 UTC 2019,13199
Sun Jun 16 12:51:37 UTC 2019,13199
Sun Jun 16 12:51:53 UTC 2019,13199
Sun Jun 16 12:52:16 UTC 2019,13201
Sun Jun 16 12:52:32 UTC 2019,13199
Sun Jun 16 12:52:49 UTC 2019,13142
Sun Jun 16 12:53:05 UTC 2019,13155
Sun Jun 16 12:54:16 UTC 2019,13201
Sun Jun 16 12:54:34 UTC 2019,13199
Sun Jun 16 12:54:50 UTC 2019,13199
Sun Jun 16 12:55:07 UTC 2019,13199
Sun Jun 16 12:55:53 UTC 2019,13199
Sun Jun 16 12:56:09 UTC 2019,13191
Sun Jun 16 12:56:25 UTC 2019,9545
Sun Jun 16 12:56:42 UTC 2019,9548
Sun Jun 16 12:57:02 UTC 2019,9548
Sun Jun 16 12:57:19 UTC 2019,9548
Sun Jun 16 12:57:35 UTC 2019,9545
Sun Jun 16 12:58:04 UTC 2019,9545
Sun Jun 16 12:58:21 UTC 2019,13199
Sun Jun 16 12:58:37 UTC 2019,13199
Sun Jun 16 12:58:54 UTC 2019,13199
Sun Jun 16 12:59:11 UTC 2019,13191
Sun Jun 16 12:59:27 UTC 2019,13199
Sun Jun 16 13:00:10 UTC 2019,9939
Sun Jun 16 13:00:33 UTC 2019,9938
Sun Jun 16 13:00:49 UTC 2019,9939
Sun Jun 16 13:01:19 UTC 2019,9936
Sun Jun 16 13:01:35 UTC 2019,9939
Sun Jun 16 13:01:52 UTC 2019,9940
Sun Jun 16 13:02:11 UTC 2019,13219
Sun Jun 16 13:02:28 UTC 2019,13221
Sun Jun 16 13:02:44 UTC 2019,13201
Sun Jun 16 13:03:01 UTC 2019,13199
Sun Jun 16 13:03:17 UTC 2019,13201
Sun Jun 16 13:03:34 UTC 2019,13199
Sun Jun 16 13:03:50 UTC 2019,13199
Sun Jun 16 13:05:06 UTC 2019,13191
Sun Jun 16 13:05:23 UTC 2019,13155
Sun Jun 16 13:05:39 UTC 2019,13142
Sun Jun 16 13:05:56 UTC 2019,13191
Sun Jun 16 13:06:12 UTC 2019,13155
Sun Jun 16 13:06:29 UTC 2019,13191
Sun Jun 16 13:06:45 UTC 2019,13199
Sun Jun 16 13:07:02 UTC 2019,13155
Sun Jun 16 13:07:18 UTC 2019,13109
Sun Jun 16 13:08:17 UTC 2019,13201
Sun Jun 16 13:08:34 UTC 2019,13199
Sun Jun 16 13:08:50 UTC 2019,13191
Sun Jun 16 13:09:07 UTC 2019,13199
Sun Jun 16 13:09:23 UTC 2019,13199
Sun Jun 16 13:09:40 UTC 2019,13201
Sun Jun 16 13:10:16 UTC 2019,13191
Sun Jun 16 13:11:31 UTC 2019,13201
Sun Jun 16 13:11:48 UTC 2019,13201
Sun Jun 16 13:12:26 UTC 2019,13221
Sun Jun 16 13:12:43 UTC 2019,13256
Sun Jun 16 13:12:59 UTC 2019,13249
Sun Jun 16 13:13:35 UTC 2019,21129
Sun Jun 16 13:13:52 UTC 2019,21831
Sun Jun 16 13:14:08 UTC 2019,21499
Sun Jun 16 13:14:25 UTC 2019,21219
Sun Jun 16 13:14:41 UTC 2019,21499
Sun Jun 16 13:14:58 UTC 2019,21039
Sun Jun 16 13:15:14 UTC 2019,21118
Sun Jun 16 13:15:30 UTC 2019,21039
Sun Jun 16 13:15:47 UTC 2019,21039
Sun Jun 16 13:16:03 UTC 2019,21149
Sun Jun 16 13:16:33 UTC 2019,21129
Sun Jun 16 13:16:49 UTC 2019,21039
Sun Jun 16 13:17:06 UTC 2019,21039
Sun Jun 16 13:17:22 UTC 2019,20999
Sun Jun 16 13:17:39 UTC 2019,13109
Sun Jun 16 13:17:55 UTC 2019,13155
Sun Jun 16 13:18:12 UTC 2019,13155
Sun Jun 16 13:18:28 UTC 2019,13125
Sun Jun 16 13:18:45 UTC 2019,13129
Sun Jun 16 13:19:01 UTC 2019,13109
Sun Jun 16 13:19:17 UTC 2019,13109
Sun Jun 16 13:19:37 UTC 2019,13129
Sun Jun 16 13:19:53 UTC 2019,13142
Sun Jun 16 13:20:10 UTC 2019,13155
Sun Jun 16 13:20:26 UTC 2019,13191
Sun Jun 16 13:20:49 UTC 2019,13129
Sun Jun 16 13:21:05 UTC 2019,13129
Sun Jun 16 13:21:48 UTC 2019,13105
Sun Jun 16 13:23:04 UTC 2019,13056
Sun Jun 16 13:23:21 UTC 2019,13089
Sun Jun 16 13:23:37 UTC 2019,13045
Sun Jun 16 13:23:54 UTC 2019,13089
Sun Jun 16 13:24:10 UTC 2019,13089
Sun Jun 16 13:24:27 UTC 2019,13109
Sun Jun 16 13:24:43 UTC 2019,13105
Sun Jun 16 13:24:59 UTC 2019,13099
Sun Jun 16 13:25:16 UTC 2019,13142
Sun Jun 16 13:25:32 UTC 2019,13099
Sun Jun 16 13:25:52 UTC 2019,13056
Sun Jun 16 13:26:35 UTC 2019,13125
Sun Jun 16 13:26:51 UTC 2019,13105
Sun Jun 16 13:27:21 UTC 2019,13129
Sun Jun 16 13:27:38 UTC 2019,13109
Sun Jun 16 13:27:54 UTC 2019,13125
Sun Jun 16 13:28:14 UTC 2019,13199
Sun Jun 16 13:28:30 UTC 2019,13142
Sun Jun 16 13:28:47 UTC 2019,13155
Sun Jun 16 13:29:26 UTC 2019,13199
Sun Jun 16 13:29:43 UTC 2019,13129
Sun Jun 16 13:30:12 UTC 2019,13191
Sun Jun 16 13:30:28 UTC 2019,13155
Sun Jun 16 13:30:45 UTC 2019,13155
Sun Jun 16 13:31:01 UTC 2019,13125
Sun Jun 16 13:31:34 UTC 2019,13125
Sun Jun 16 13:31:51 UTC 2019,13125
Sun Jun 16 13:32:10 UTC 2019,13109
Sun Jun 16 13:32:26 UTC 2019,13125
Sun Jun 16 13:32:43 UTC 2019,13125
Sun Jun 16 13:32:59 UTC 2019,13125
Sun Jun 16 13:33:16 UTC 2019,13191
Sun Jun 16 13:33:38 UTC 2019,13155
Sun Jun 16 13:34:21 UTC 2019,13191
Sun Jun 16 13:34:38 UTC 2019,13155
Sun Jun 16 13:34:54 UTC 2019,13199
Sun Jun 16 13:35:11 UTC 2019,13191
Sun Jun 16 13:35:27 UTC 2019,13142
Sun Jun 16 13:35:44 UTC 2019,13191
Sun Jun 16 13:36:00 UTC 2019,13199
Sun Jun 16 13:36:16 UTC 2019,13217
Sun Jun 16 13:36:33 UTC 2019,13199
Sun Jun 16 13:36:49 UTC 2019,13105
Sun Jun 16 13:37:06 UTC 2019,13109
Sun Jun 16 13:37:22 UTC 2019,13219
Sun Jun 16 13:37:42 UTC 2019,13249
Sun Jun 16 13:37:58 UTC 2019,13249
Sun Jun 16 13:38:18 UTC 2019,13105
Sun Jun 16 13:38:34 UTC 2019,13299
Sun Jun 16 13:38:51 UTC 2019,13307
Sun Jun 16 13:39:07 UTC 2019,13307
Sun Jun 16 13:39:24 UTC 2019,13319
Sun Jun 16 13:39:40 UTC 2019,9563
Sun Jun 16 13:39:57 UTC 2019,9471
Sun Jun 16 13:40:14 UTC 2019,9473
Sun Jun 16 13:40:31 UTC 2019,9474
Sun Jun 16 13:40:47 UTC 2019,9474
Sun Jun 16 13:41:04 UTC 2019,9475
Sun Jun 16 13:41:20 UTC 2019,9477
Sun Jun 16 13:41:36 UTC 2019,9949
Sun Jun 16 13:41:53 UTC 2019,9950
Sun Jun 16 13:42:10 UTC 2019,13367
Sun Jun 16 13:42:26 UTC 2019,13379
Sun Jun 16 13:42:42 UTC 2019,13427
Sun Jun 16 13:42:59 UTC 2019,13389
Sun Jun 16 13:43:15 UTC 2019,13379
Sun Jun 16 13:43:32 UTC 2019,13420
Sun Jun 16 13:43:48 UTC 2019,13379
Sun Jun 16 13:44:05 UTC 2019,13379
Sun Jun 16 13:44:47 UTC 2019,9641
Sun Jun 16 13:45:04 UTC 2019,9644
Sun Jun 16 13:45:20 UTC 2019,9661
Sun Jun 16 13:45:37 UTC 2019,9669
Sun Jun 16 13:45:53 UTC 2019,9669
Sun Jun 16 13:46:10 UTC 2019,9687
Sun Jun 16 13:46:39 UTC 2019,9663
Sun Jun 16 13:46:58 UTC 2019,9669
Sun Jun 16 13:47:15 UTC 2019,9664
Sun Jun 16 13:47:31 UTC 2019,9666
Sun Jun 16 13:47:48 UTC 2019,9653
Sun Jun 16 13:48:04 UTC 2019,9651
Sun Jun 16 13:48:21 UTC 2019,9664
Sun Jun 16 13:48:37 UTC 2019,9654
Sun Jun 16 13:48:54 UTC 2019,9659
Sun Jun 16 13:49:10 UTC 2019,9661
Sun Jun 16 13:49:27 UTC 2019,9659
Sun Jun 16 13:49:43 UTC 2019,9654
Sun Jun 16 13:50:02 UTC 2019,9650
Sun Jun 16 13:50:19 UTC 2019,9652
Sun Jun 16 13:50:35 UTC 2019,9654
Sun Jun 16 13:50:51 UTC 2019,9653
Sun Jun 16 13:51:08 UTC 2019,9661
Sun Jun 16 13:51:44 UTC 2019,9661
Sun Jun 16 13:52:03 UTC 2019,9662
Sun Jun 16 13:52:20 UTC 2019,9666
Sun Jun 16 13:52:49 UTC 2019,9669
Sun Jun 16 13:53:09 UTC 2019,9683
Sun Jun 16 13:53:25 UTC 2019,9674
Sun Jun 16 13:53:41 UTC 2019,9640
Sun Jun 16 13:53:58 UTC 2019,9638
Sun Jun 16 13:54:18 UTC 2019,9638
Sun Jun 16 13:54:34 UTC 2019,9629
Sun Jun 16 13:54:51 UTC 2019,9638
Sun Jun 16 13:55:07 UTC 2019,9649
Sun Jun 16 13:55:24 UTC 2019,9645
Sun Jun 16 13:55:40 UTC 2019,9645
Sun Jun 16 13:55:56 UTC 2019,9683
Sun Jun 16 13:56:13 UTC 2019,9679
Sun Jun 16 13:56:30 UTC 2019,9683
Sun Jun 16 13:56:49 UTC 2019,9680
Sun Jun 16 13:57:05 UTC 2019,9680
Sun Jun 16 13:57:22 UTC 2019,9990
Sun Jun 16 13:57:38 UTC 2019,9990
Sun Jun 16 13:57:55 UTC 2019,9994
Sun Jun 16 13:58:11 UTC 2019,9990
Sun Jun 16 13:58:28 UTC 2019,9991
Sun Jun 16 13:58:44 UTC 2019,9991
Sun Jun 16 13:59:01 UTC 2019,9992
Sun Jun 16 13:59:24 UTC 2019,9997
Sun Jun 16 13:59:40 UTC 2019,13995
Sun Jun 16 13:59:57 UTC 2019,13979
Sun Jun 16 14:00:13 UTC 2019,13903
Sun Jun 16 14:00:30 UTC 2019,13535
Sun Jun 16 14:00:46 UTC 2019,13499
Sun Jun 16 14:01:02 UTC 2019,13535
Sun Jun 16 14:01:19 UTC 2019,13519
Sun Jun 16 14:01:36 UTC 2019,13535
Sun Jun 16 14:01:52 UTC 2019,13519
Sun Jun 16 14:02:09 UTC 2019,13569
Sun Jun 16 14:02:28 UTC 2019,13998
Sun Jun 16 14:02:44 UTC 2019,14027
Sun Jun 16 14:03:01 UTC 2019,13999
Sun Jun 16 14:03:17 UTC 2019,14027
Sun Jun 16 14:03:34 UTC 2019,14070
Sun Jun 16 14:03:51 UTC 2019,13749
Sun Jun 16 14:04:07 UTC 2019,13799
Sun Jun 16 14:04:24 UTC 2019,13658
Sun Jun 16 14:04:56 UTC 2019,13499
Sun Jun 16 14:05:13 UTC 2019,13518
Sun Jun 16 14:05:29 UTC 2019,13519
Sun Jun 16 14:05:46 UTC 2019,13535
Sun Jun 16 14:06:02 UTC 2019,13996
Sun Jun 16 14:06:19 UTC 2019,13996
Sun Jun 16 14:06:35 UTC 2019,13995
Sun Jun 16 14:06:52 UTC 2019,13979
Sun Jun 16 14:07:08 UTC 2019,13973
Sun Jun 16 14:07:25 UTC 2019,13989
Sun Jun 16 14:07:41 UTC 2019,13996
Sun Jun 16 14:07:58 UTC 2019,13999
Sun Jun 16 14:08:14 UTC 2019,14131
Sun Jun 16 14:08:30 UTC 2019,14070
Sun Jun 16 14:08:47 UTC 2019,13999
Sun Jun 16 14:09:03 UTC 2019,13999
Sun Jun 16 14:09:20 UTC 2019,14035
Sun Jun 16 14:09:36 UTC 2019,14035
Sun Jun 16 14:09:53 UTC 2019,13794
Sun Jun 16 14:10:09 UTC 2019,13671
Sun Jun 16 14:10:45 UTC 2019,13579
Sun Jun 16 14:11:01 UTC 2019,13569
Sun Jun 16 14:11:18 UTC 2019,13599
Sun Jun 16 14:11:34 UTC 2019,13799
Sun Jun 16 14:11:51 UTC 2019,14232
Sun Jun 16 14:12:07 UTC 2019,14233
Sun Jun 16 14:12:24 UTC 2019,14233
Sun Jun 16 14:12:40 UTC 2019,14212
Sun Jun 16 14:13:49 UTC 2019,14072
Sun Jun 16 14:14:06 UTC 2019,14200
Sun Jun 16 14:14:23 UTC 2019,14199
Sun Jun 16 14:14:39 UTC 2019,14200
Sun Jun 16 14:14:56 UTC 2019,14200
Sun Jun 16 14:15:13 UTC 2019,14199
Sun Jun 16 14:15:29 UTC 2019,14249
Sun Jun 16 14:15:46 UTC 2019,14200
Sun Jun 16 14:16:02 UTC 2019,14212
Sun Jun 16 14:16:18 UTC 2019,14200
Sun Jun 16 14:16:35 UTC 2019,14131
Sun Jun 16 14:16:52 UTC 2019,14131
Sun Jun 16 14:17:08 UTC 2019,14200
Sun Jun 16 14:17:24 UTC 2019,14199
Sun Jun 16 14:17:41 UTC 2019,14070
Sun Jun 16 14:18:17 UTC 2019,26368
Sun Jun 16 14:18:33 UTC 2019,25986
Sun Jun 16 14:18:50 UTC 2019,25986
Sun Jun 16 14:19:20 UTC 2019,9836
Sun Jun 16 14:19:36 UTC 2019,9839
Sun Jun 16 14:19:53 UTC 2019,9600
Sun Jun 16 14:20:09 UTC 2019,9599
Sun Jun 16 14:20:26 UTC 2019,9599
Sun Jun 16 14:20:42 UTC 2019,9599
Sun Jun 16 14:20:59 UTC 2019,9559
Sun Jun 16 14:21:15 UTC 2019,9999
Sun Jun 16 14:21:35 UTC 2019,9999
Sun Jun 16 14:21:52 UTC 2019,9999
Sun Jun 16 14:22:08 UTC 2019,13996
Sun Jun 16 14:22:25 UTC 2019,13998
Sun Jun 16 14:22:41 UTC 2019,13995
Sun Jun 16 14:22:58 UTC 2019,13999
Sun Jun 16 14:23:17 UTC 2019,13979
Sun Jun 16 14:23:34 UTC 2019,13995
Sun Jun 16 14:23:50 UTC 2019,13999
Sun Jun 16 14:24:07 UTC 2019,13999
Sun Jun 16 14:24:24 UTC 2019,13995
Sun Jun 16 14:24:40 UTC 2019,14199
Sun Jun 16 14:24:57 UTC 2019,14131
Sun Jun 16 14:25:13 UTC 2019,14070
Sun Jun 16 14:25:29 UTC 2019,14072
Sun Jun 16 14:25:46 UTC 2019,14027
Sun Jun 16 14:26:02 UTC 2019,13999
Sun Jun 16 14:26:19 UTC 2019,9997
Sun Jun 16 14:26:35 UTC 2019,9998
Sun Jun 16 14:26:52 UTC 2019,9997
Sun Jun 16 14:27:08 UTC 2019,9997
Sun Jun 16 14:27:25 UTC 2019,9996
Sun Jun 16 14:27:44 UTC 2019,9997
Sun Jun 16 14:28:01 UTC 2019,9996
Sun Jun 16 14:28:17 UTC 2019,13977
Sun Jun 16 14:28:34 UTC 2019,13861
Sun Jun 16 14:28:50 UTC 2019,13854
Sun Jun 16 14:29:07 UTC 2019,13854
Sun Jun 16 14:29:23 UTC 2019,13804
Sun Jun 16 14:29:40 UTC 2019,13861
Sun Jun 16 14:29:56 UTC 2019,13861
Sun Jun 16 14:30:13 UTC 2019,13897
Sun Jun 16 14:31:22 UTC 2019,13861
Sun Jun 16 14:31:42 UTC 2019,13903
Sun Jun 16 14:32:24 UTC 2019,13854
Sun Jun 16 14:32:47 UTC 2019,13804
Sun Jun 16 14:33:10 UTC 2019,13799
Sun Jun 16 14:33:27 UTC 2019,13749
Sun Jun 16 14:33:43 UTC 2019,13671
Sun Jun 16 14:34:00 UTC 2019,13671
Sun Jun 16 14:34:16 UTC 2019,13804
Sun Jun 16 14:34:33 UTC 2019,13799
Sun Jun 16 14:34:49 UTC 2019,13836
Sun Jun 16 14:35:06 UTC 2019,13799
Sun Jun 16 14:35:22 UTC 2019,13749
Sun Jun 16 14:35:38 UTC 2019,13799
Sun Jun 16 14:35:55 UTC 2019,13799
Sun Jun 16 14:36:11 UTC 2019,13799
Sun Jun 16 14:36:28 UTC 2019,13897
Sun Jun 16 14:36:44 UTC 2019,13823
Sun Jun 16 14:37:01 UTC 2019,13836
Sun Jun 16 14:37:17 UTC 2019,13823
Sun Jun 16 14:37:34 UTC 2019,13836
Sun Jun 16 14:37:50 UTC 2019,13804
Sun Jun 16 14:38:21 UTC 2019,9989
Sun Jun 16 14:38:37 UTC 2019,9989
Sun Jun 16 14:38:54 UTC 2019,9990
Sun Jun 16 14:39:10 UTC 2019,9994
Sun Jun 16 14:39:27 UTC 2019,9990
Sun Jun 16 14:39:43 UTC 2019,9990
Sun Jun 16 14:39:59 UTC 2019,9990
Sun Jun 16 14:40:16 UTC 2019,9991
Sun Jun 16 14:40:32 UTC 2019,13977
Sun Jun 16 14:40:49 UTC 2019,13996
Sun Jun 16 14:41:05 UTC 2019,13999
Sun Jun 16 14:41:21 UTC 2019,13999
Sun Jun 16 14:41:38 UTC 2019,13995
Sun Jun 16 14:41:55 UTC 2019,13999
Sun Jun 16 14:42:11 UTC 2019,14035
Sun Jun 16 14:42:28 UTC 2019,14027
Sun Jun 16 14:42:44 UTC 2019,14035
Sun Jun 16 14:43:01 UTC 2019,14035
Sun Jun 16 14:43:17 UTC 2019,14035
Sun Jun 16 14:43:34 UTC 2019,14027
Sun Jun 16 14:43:50 UTC 2019,14049
Sun Jun 16 14:44:07 UTC 2019,14027
Sun Jun 16 14:44:23 UTC 2019,14035
Sun Jun 16 14:44:46 UTC 2019,13671
Sun Jun 16 14:45:02 UTC 2019,13670
Sun Jun 16 14:45:19 UTC 2019,13794
Sun Jun 16 14:45:35 UTC 2019,13749
Sun Jun 16 14:45:52 UTC 2019,13699
Sun Jun 16 14:46:08 UTC 2019,13665
Sun Jun 16 14:46:25 UTC 2019,13535
Sun Jun 16 14:46:41 UTC 2019,13977
Sun Jun 16 14:46:57 UTC 2019,14070
Sun Jun 16 14:47:33 UTC 2019,14027
Sun Jun 16 14:47:50 UTC 2019,14027
Sun Jun 16 14:48:06 UTC 2019,13998
Sun Jun 16 14:48:24 UTC 2019,13973
Sun Jun 16 14:48:40 UTC 2019,13996
Sun Jun 16 14:48:56 UTC 2019,13998
Sun Jun 16 14:49:26 UTC 2019,13998
Sun Jun 16 14:49:42 UTC 2019,13995
Sun Jun 16 14:49:59 UTC 2019,13996
Sun Jun 16 14:50:15 UTC 2019,13989
Sun Jun 16 14:50:32 UTC 2019,13973
Sun Jun 16 14:50:48 UTC 2019,13903
Sun Jun 16 14:51:05 UTC 2019,13977
Sun Jun 16 14:51:21 UTC 2019,13973
Sun Jun 16 14:51:38 UTC 2019,13932
Sun Jun 16 14:51:54 UTC 2019,13932
Sun Jun 16 14:52:11 UTC 2019,13932
Sun Jun 16 14:52:27 UTC 2019,13973
Sun Jun 16 14:52:44 UTC 2019,13903
Sun Jun 16 14:53:00 UTC 2019,13903
Sun Jun 16 14:53:16 UTC 2019,13973
Sun Jun 16 14:53:36 UTC 2019,13998
Sun Jun 16 14:53:52 UTC 2019,13996
Sun Jun 16 14:54:09 UTC 2019,13989
Sun Jun 16 14:54:25 UTC 2019,13989
Sun Jun 16 14:54:42 UTC 2019,13986
Sun Jun 16 14:54:58 UTC 2019,13973
Sun Jun 16 14:55:18 UTC 2019,13977
Sun Jun 16 14:55:34 UTC 2019,13973
Sun Jun 16 14:55:51 UTC 2019,13973
Sun Jun 16 14:56:08 UTC 2019,13979
Sun Jun 16 14:56:24 UTC 2019,13977
Sun Jun 16 14:56:40 UTC 2019,13899
Sun Jun 16 14:56:57 UTC 2019,13887
Sun Jun 16 14:57:13 UTC 2019,13836
Sun Jun 16 14:57:30 UTC 2019,13899
Sun Jun 16 14:57:47 UTC 2019,13899
Sun Jun 16 14:58:03 UTC 2019,13932
Sun Jun 16 14:58:20 UTC 2019,9679
Sun Jun 16 14:58:36 UTC 2019,9679
Sun Jun 16 14:58:53 UTC 2019,9679
Sun Jun 16 14:59:09 UTC 2019,9674
Sun Jun 16 14:59:26 UTC 2019,9677
Sun Jun 16 14:59:42 UTC 2019,9679
Sun Jun 16 14:59:59 UTC 2019,9679
Sun Jun 16 15:00:15 UTC 2019,9677
Sun Jun 16 15:00:32 UTC 2019,13903
Sun Jun 16 15:00:48 UTC 2019,13903
Sun Jun 16 15:01:05 UTC 2019,13932
Sun Jun 16 15:01:21 UTC 2019,13977
Sun Jun 16 15:01:37 UTC 2019,13973
Sun Jun 16 15:01:54 UTC 2019,13455
Sun Jun 16 15:02:23 UTC 2019,13499
Sun Jun 16 15:02:40 UTC 2019,13455
Sun Jun 16 15:02:57 UTC 2019,13455
Sun Jun 16 15:03:13 UTC 2019,13426
Sun Jun 16 15:04:45 UTC 2019,13804
Sun Jun 16 15:05:02 UTC 2019,13836
Sun Jun 16 15:05:18 UTC 2019,13823
Sun Jun 16 15:05:37 UTC 2019,13823
Sun Jun 16 15:05:54 UTC 2019,13861
Sun Jun 16 15:06:10 UTC 2019,13897
Sun Jun 16 15:06:39 UTC 2019,13887
Sun Jun 16 15:06:56 UTC 2019,13823
Sun Jun 16 15:07:13 UTC 2019,13899
Sun Jun 16 15:07:29 UTC 2019,13861
Sun Jun 16 15:07:46 UTC 2019,9990
Sun Jun 16 15:08:02 UTC 2019,9995
Sun Jun 16 15:08:32 UTC 2019,9995
Sun Jun 16 15:08:48 UTC 2019,9994
Sun Jun 16 15:09:05 UTC 2019,9995
Sun Jun 16 15:09:22 UTC 2019,9991
Sun Jun 16 15:09:38 UTC 2019,9994
Sun Jun 16 15:10:08 UTC 2019,13804
Sun Jun 16 15:10:25 UTC 2019,13836
Sun Jun 16 15:10:41 UTC 2019,13823
Sun Jun 16 15:10:58 UTC 2019,13861
Sun Jun 16 15:11:14 UTC 2019,13897
Sun Jun 16 15:11:31 UTC 2019,13899
Sun Jun 16 15:11:47 UTC 2019,13854
Sun Jun 16 15:12:04 UTC 2019,13836
Sun Jun 16 15:12:20 UTC 2019,13861
Sun Jun 16 15:12:37 UTC 2019,13823
Sun Jun 16 15:12:53 UTC 2019,13897
Sun Jun 16 15:13:10 UTC 2019,13899
Sun Jun 16 15:13:29 UTC 2019,13426
Sun Jun 16 15:13:59 UTC 2019,13427
Sun Jun 16 15:14:45 UTC 2019,13420
Sun Jun 16 15:15:01 UTC 2019,13497
Sun Jun 16 15:15:18 UTC 2019,13420
Sun Jun 16 15:15:34 UTC 2019,13861
Sun Jun 16 15:15:50 UTC 2019,13799
Sun Jun 16 15:16:07 UTC 2019,13823
Sun Jun 16 15:16:23 UTC 2019,13854
Sun Jun 16 15:16:40 UTC 2019,13854
Sun Jun 16 15:16:56 UTC 2019,13854
Sun Jun 16 15:17:39 UTC 2019,13903
Sun Jun 16 15:17:55 UTC 2019,25677
Sun Jun 16 15:18:12 UTC 2019,24999
Sun Jun 16 15:18:28 UTC 2019,25199
Sun Jun 16 15:18:45 UTC 2019,25802
Sun Jun 16 15:19:01 UTC 2019,25802
Sun Jun 16 15:19:18 UTC 2019,25662
Sun Jun 16 15:19:34 UTC 2019,25662
Sun Jun 16 15:19:51 UTC 2019,25662
Sun Jun 16 15:20:07 UTC 2019,24998
Sun Jun 16 15:20:30 UTC 2019,24999
Sun Jun 16 15:20:47 UTC 2019,24998
Sun Jun 16 15:21:03 UTC 2019,24986
Sun Jun 16 15:21:19 UTC 2019,25199
Sun Jun 16 15:21:49 UTC 2019,24986
Sun Jun 16 15:22:12 UTC 2019,24998
Sun Jun 16 15:22:29 UTC 2019,24998
Sun Jun 16 15:23:11 UTC 2019,25378
Sun Jun 16 15:23:28 UTC 2019,25986
Sun Jun 16 15:23:44 UTC 2019,25986
Sun Jun 16 15:24:01 UTC 2019,25378
Sun Jun 16 15:24:17 UTC 2019,25662
Sun Jun 16 15:24:34 UTC 2019,25199
Sun Jun 16 15:24:51 UTC 2019,24998
Sun Jun 16 15:25:07 UTC 2019,21999
Sun Jun 16 15:25:42 UTC 2019,21986
Sun Jun 16 15:25:58 UTC 2019,21887
Sun Jun 16 15:26:15 UTC 2019,21887
Sun Jun 16 15:26:31 UTC 2019,21219
Sun Jun 16 15:26:48 UTC 2019,21118
Sun Jun 16 15:27:58 UTC 2019,22986
Sun Jun 16 15:28:17 UTC 2019,22849
Sun Jun 16 15:28:40 UTC 2019,22849
Sun Jun 16 15:28:57 UTC 2019,22849
Sun Jun 16 15:29:13 UTC 2019,22449
Sun Jun 16 15:29:30 UTC 2019,22447
Sun Jun 16 15:29:49 UTC 2019,22442
Sun Jun 16 15:30:08 UTC 2019,22442
Sun Jun 16 15:30:25 UTC 2019,22442
Sun Jun 16 15:30:41 UTC 2019,10136
Sun Jun 16 15:30:58 UTC 2019,10115
Sun Jun 16 15:31:14 UTC 2019,10115
Sun Jun 16 15:31:34 UTC 2019,10115
Sun Jun 16 15:31:50 UTC 2019,10115
Sun Jun 16 15:32:07 UTC 2019,10115
Sun Jun 16 15:32:26 UTC 2019,10115
Sun Jun 16 15:32:42 UTC 2019,21986
Sun Jun 16 15:34:21 UTC 2019,21980
Sun Jun 16 15:34:38 UTC 2019,21980
Sun Jun 16 15:34:54 UTC 2019,21980
Sun Jun 16 15:35:24 UTC 2019,21980
Sun Jun 16 15:35:47 UTC 2019,21980
Sun Jun 16 15:36:03 UTC 2019,21980
Sun Jun 16 15:36:53 UTC 2019,44249
Sun Jun 16 15:37:10 UTC 2019,9622
Sun Jun 16 15:37:27 UTC 2019,9547
Sun Jun 16 15:38:03 UTC 2019,9519
Sun Jun 16 15:38:19 UTC 2019,9510
Sun Jun 16 15:38:36 UTC 2019,9519
Sun Jun 16 15:38:52 UTC 2019,9725
Sun Jun 16 15:39:09 UTC 2019,9741
Sun Jun 16 15:39:31 UTC 2019,9741
Sun Jun 16 15:39:48 UTC 2019,9741
Sun Jun 16 15:40:04 UTC 2019,9741
Sun Jun 16 15:40:20 UTC 2019,9738
Sun Jun 16 15:40:37 UTC 2019,9741
Sun Jun 16 15:40:53 UTC 2019,9734
Sun Jun 16 15:41:10 UTC 2019,9737
Sun Jun 16 15:41:26 UTC 2019,9743
Sun Jun 16 15:41:43 UTC 2019,9741
Sun Jun 16 15:41:59 UTC 2019,9742
Sun Jun 16 15:42:16 UTC 2019,9744
Sun Jun 16 15:42:32 UTC 2019,9558
Sun Jun 16 15:42:52 UTC 2019,9547
Sun Jun 16 15:43:08 UTC 2019,9549
Sun Jun 23 00:52:36 UTC 2019,11226
